,res,chain
1,MET,A
2,THR,A
132,ALA,A
133,THR,A
134,ASP,A
135,GLY,A
136,PRO,A
137,SER,A
138,GLY,A
139,VAL,A
140,GLU,A
141,ASP,A
142,ILE,A
143,GLU,A
144,ALA,A
145,PHE,A
146,PHE,A
147,ALA,A
148,ALA,B
149,HIS,B
150,PRO,B
151,GLY,B
152,GLY,A
153,ILE,A
154,MET,A
155,ILE,A
156,LYS,A
157,ALA,B
158,LEU,B
159,ALA,B
160,GLY,B
161,GLY,B
162,GLY,B
163,GLY,B
164,ARG,B
165,GLY,A
166,MET,A
167,ARG,A
168,LYS,A
169,VAL,A
170,HIS,A
171,ASN,B
172,ALA,B
173,ALA,B
174,GLN,B
175,ILE,B
176,ALA,B
177,GLY,B
178,ALA,B
179,TYR,B
180,GLN,B
181,ARG,B
182,CYS,B
183,ALA,B
184,ALA,B
185,GLU,B
186,ALA,B
187,ARG,B
188,LEU,B
189,GLY,B
190,PHE,B
191,GLY,B
192,ASP,B
193,PRO,B
194,ALA,B
195,LEU,A
196,PHE,A
197,ALA,A
198,GLU,A
471,LEU,B
472,THR,B
473,HIS,B
474,GLN,B
475,PRO,B
476,GLY,B
477,PRO,B
478,GLN,B
559,THR,B
560,GLY,B
561,GLY,B
562,ASP,B
563,ASP,B
564,GLY,B
565,GLU,B
566,SER,B
567,GLU,B
568,THR,B
569,ALA,B
570,ALA,B
571,THR,B
715,GLY,A
716,GLY,A
722,ASP,B
723,VAL,B
724,GLY,B
1019,LYS,B
1020,GLU,B
1021,LEU,B
1022,ALA,B
1023,ALA,B
1024,VAL,B
1074,GLY,B
1075,GLY,B
1076,GLU,B
1077,LEU,B
1078,LEU,B
1079,VAL,B
1080,ASP,B
1081,LYS,B
1082,LEU,B
1083,ALA,B
1084,ALA,B
1085,ALA,B
1086,LEU,B
1087,GLU,B
1088,HIS,B
1089,HIS,B
1090,HIS,B
1091,HIS,B
1092,HIS,B
1093,HIS,B
479,PRO,B
480,GLY,B
481,ALA,B
572,ASP,B
573,LEU,B
574,ASP,B
575,LEU,B
